Wavelength (nm),spheres,cubes,decahedra,rods
400,1,1.00001,0.41182,0.16839
401,0.99829,0.99828,0.41171,0.16802
402,0.99587,0.99637,0.41116,0.16751
403,0.99271,0.99448,0.41139,0.16709
404,0.99001,0.99236,0.41103,0.16673
405,0.98804,0.99102,0.41054,0.1663
406,0.98446,0.98821,0.41048,0.1657
407,0.9832,0.98602,0.41038,0.16543
408,0.98091,0.98431,0.41014,0.16492
409,0.97883,0.98328,0.40965,0.16447
410,0.97621,0.98046,0.40952,0.16425
411,0.97442,0.97917,0.40922,0.16371
412,0.97235,0.97628,0.40896,0.16338
413,0.97,0.97413,0.40862,0.16289
414,0.96663,0.97221,0.4081,0.16252
415,0.96469,0.9703,0.40802,0.16221
416,0.96332,0.96782,0.40738,0.16183
417,0.96114,0.96625,0.40733,0.16139
418,0.9581,0.96468,0.40711,0.16097
419,0.95647,0.96286,0.40637,0.1607
420,0.9541,0.9613,0.40628,0.16029
421,0.95183,0.95901,0.40585,0.15986
422,0.94992,0.95699,0.40512,0.15954
423,0.94793,0.95525,0.4055,0.15916
424,0.94749,0.95334,0.40485,0.15877
425,0.94479,0.95158,0.40481,0.1584
426,0.94348,0.94958,0.40394,0.15809
427,0.9418,0.94721,0.4038,0.15775
428,0.94024,0.94535,0.40337,0.15726
429,0.93788,0.94312,0.40296,0.157
430,0.93668,0.94162,0.40257,0.15667
431,0.93461,0.93972,0.40257,0.15636
432,0.9316,0.93765,0.4022,0.15602
433,0.93105,0.93682,0.40163,0.15573
434,0.93022,0.93455,0.40137,0.15531
435,0.92842,0.93281,0.40081,0.15493
436,0.92725,0.93174,0.40027,0.15464
437,0.92524,0.9291,0.39995,0.15421
438,0.92323,0.92676,0.39965,0.15391
439,0.92182,0.92495,0.39886,0.15367
440,0.92007,0.92383,0.39863,0.15336
441,0.91836,0.92189,0.39832,0.153
442,0.91667,0.91989,0.39717,0.15263
443,0.91661,0.91835,0.39682,0.15234
444,0.91478,0.91654,0.39665,0.15191
445,0.91373,0.91464,0.39674,0.15168
446,0.91299,0.91299,0.39596,0.15139
447,0.91254,0.91105,0.39505,0.1512
448,0.91148,0.90974,0.39437,0.15087
449,0.91099,0.90741,0.39391,0.15058
450,0.90967,0.90618,0.39325,0.1503
451,0.9095,0.90454,0.39274,0.15007
452,0.90893,0.90317,0.39168,0.14986
453,0.90816,0.90225,0.39162,0.14972
454,0.90782,0.90131,0.39114,0.14939
455,0.90892,0.90045,0.39054,0.14922
456,0.90795,0.89811,0.38976,0.14903
457,0.90786,0.89852,0.38927,0.14886
458,0.90829,0.89674,0.3886,0.14872
459,0.90955,0.89595,0.38774,0.14862
460,0.91016,0.89492,0.3873,0.14855
461,0.91016,0.894,0.38646,0.14852
462,0.91084,0.89314,0.3858,0.14842
463,0.91102,0.89235,0.38538,0.14847
464,0.91196,0.89234,0.38463,0.1483
465,0.91302,0.89166,0.38421,0.14845
466,0.91552,0.89134,0.38342,0.14866
467,0.91711,0.89095,0.3827,0.14872
468,0.91886,0.89116,0.38234,0.14896
469,0.92154,0.89097,0.3818,0.14913
470,0.92398,0.89085,0.38123,0.14933
471,0.92625,0.89099,0.38071,0.14974
472,0.92923,0.89188,0.38022,0.15003
473,0.93145,0.8924,0.37985,0.15047
474,0.93559,0.8933,0.37926,0.15102
475,0.93903,0.89474,0.37924,0.15153
476,0.94317,0.8964,0.37892,0.15216
477,0.94804,0.89777,0.37865,0.15288
478,0.95369,0.89994,0.37856,0.15365
479,0.95934,0.9025,0.37852,0.15449
480,0.96563,0.90527,0.37863,0.15543
481,0.97279,0.90839,0.37883,0.15641
482,0.98056,0.91207,0.37897,0.15738
483,0.98789,0.91552,0.37916,0.1585
484,0.99756,0.92008,0.37977,0.15968
485,1.01012,0.92759,0.38031,0.16083
486,1.01818,0.93064,0.38165,0.162
487,1.02708,0.93389,0.38302,0.16326
488,1.04073,0.94354,0.38419,0.1645
489,1.05697,0.95229,0.3852,0.16573
490,1.07123,0.96097,0.3868,0.16684
491,1.08766,0.97077,0.38896,0.168
492,1.10562,0.98098,0.39104,0.16898
493,1.12468,0.99143,0.39287,0.16995
494,1.14547,1.00328,0.39559,0.17091
495,1.16764,1.01638,0.39861,0.1716
496,1.19108,1.03083,0.40161,0.17217
497,1.21537,1.04571,0.40436,0.17259
498,1.24234,1.06156,0.40825,0.17288
499,1.27108,1.07906,0.41204,0.17295
500,1.30013,1.09647,0.41601,0.1729
501,1.33339,1.11668,0.41999,0.17259
502,1.36639,1.13703,0.42435,0.17201
503,1.40135,1.15808,0.42921,0.17138
504,1.43878,1.18049,0.43401,0.17043
505,1.47762,1.20525,0.43908,0.16936
506,1.51718,1.22972,0.44422,0.16797
507,1.55848,1.25573,0.44965,0.16658
508,1.60214,1.2829,0.45537,0.1649
509,1.64564,1.31182,0.46094,0.16307
510,1.69037,1.34163,0.46687,0.16119
511,1.73652,1.37246,0.47253,0.15911
512,1.78191,1.40426,0.47914,0.15688
513,1.82933,1.43749,0.485,0.15456
514,1.87627,1.47271,0.49114,0.15218
515,1.92302,1.50795,0.49755,0.14977
516,1.96946,1.54416,0.50429,0.14715
517,2.01402,1.5822,0.51119,0.14466
518,2.05741,1.62114,0.51779,0.14198
519,2.09823,1.65989,0.52473,0.13945
520,2.13652,1.70015,0.53162,0.13684
521,2.17357,1.74291,0.5384,0.13418
522,2.2056,1.78494,0.54539,0.13161
523,2.23534,1.82986,0.55278,0.12916
524,2.26038,1.87279,0.55986,0.12667
525,2.28027,1.91685,0.56715,0.12424
526,2.29743,1.963,0.5745,0.12184
527,2.30711,2.00645,0.58169,0.11951
528,2.31244,2.05053,0.58937,0.11722
529,2.31154,2.09732,0.59686,0.11505
530,2.30538,2.13972,0.60419,0.11306
531,2.29299,2.18232,0.61141,0.11103
532,2.27613,2.22657,0.61864,0.10903
533,2.25401,2.26817,0.62606,0.10699
534,2.22698,2.30645,0.6332,0.10526
535,2.19596,2.3441,0.64062,0.10353
536,2.16048,2.37827,0.64792,0.10184
537,2.12041,2.41295,0.65501,0.10024
538,2.07711,2.44123,0.66208,0.09874
539,2.0315,2.46629,0.66924,0.09731
540,1.98357,2.48917,0.67589,0.09588
541,1.93396,2.50639,0.68258,0.09455
542,1.88092,2.522,0.68932,0.0932
543,1.82879,2.53291,0.69609,0.09201
544,1.7756,2.53861,0.70223,0.09084
545,1.72144,2.54182,0.7092,0.08976
546,1.66792,2.53821,0.71574,0.08874
547,1.61383,2.53141,0.72217,0.08781
548,1.56119,2.51999,0.72874,0.08683
549,1.51008,2.5044,0.73499,0.08591
550,1.45868,2.4836,0.7417,0.08508
551,1.40844,2.4565,0.74798,0.08431
552,1.35916,2.42696,0.75458,0.08349
553,1.31114,2.39395,0.76101,0.08285
554,1.26548,2.35982,0.76746,0.08217
555,1.22039,2.32116,0.77414,0.08151
556,1.17715,2.27997,0.78036,0.08098
557,1.13531,2.23562,0.78719,0.08042
558,1.0943,2.18948,0.79427,0.0799
559,1.05557,2.14182,0.80095,0.07941
560,1.01728,2.09262,0.80802,0.07892
561,0.98119,2.0427,0.8153,0.07851
562,0.94655,1.99053,0.82248,0.07817
563,0.91305,1.94037,0.82976,0.07778
564,0.88059,1.88769,0.83712,0.07746
565,0.84957,1.83594,0.84461,0.07718
566,0.81935,1.78565,0.85233,0.07696
567,0.79068,1.73487,0.85983,0.07682
568,0.76361,1.68516,0.8675,0.07665
569,0.7366,1.63374,0.87539,0.07653
570,0.71155,1.58406,0.88305,0.07642
571,0.68749,1.53702,0.8911,0.07632
572,0.66454,1.49028,0.89891,0.07625
573,0.64141,1.44198,0.9064,0.07626
574,0.62034,1.39742,0.91408,0.07627
575,0.60059,1.35516,0.92164,0.07635
576,0.58007,1.31122,0.92916,0.07646
577,0.56093,1.26902,0.9363,0.0765
578,0.54324,1.23045,0.94323,0.07669
579,0.52587,1.19214,0.9498,0.07688
580,0.50876,1.15369,0.95609,0.07704
581,0.49233,1.11609,0.96277,0.07742
582,0.47799,1.08326,0.96844,0.07767
583,0.46306,1.04998,0.97399,0.07796
584,0.44805,1.01568,0.97892,0.07832
585,0.43464,0.98415,0.98293,0.07867
586,0.42215,0.95532,0.98762,0.07908
587,0.40889,0.92512,0.99097,0.07956
588,0.39703,0.89803,0.99413,0.07996
589,0.38502,0.87104,0.99649,0.08045
590,0.37404,0.84496,0.9981,0.08098
591,0.36306,0.82027,0.9995,0.08154
592,0.35233,0.79535,1,0.08212
593,0.343,0.77319,0.99987,0.08278
594,0.33361,0.75152,0.99914,0.08334
595,0.32438,0.73,0.99745,0.08402
596,0.31523,0.70981,0.99563,0.08469
597,0.30671,0.6901,0.99234,0.08549
598,0.29832,0.67161,0.98862,0.08611
599,0.29038,0.65329,0.98459,0.08695
600,0.2829,0.63621,0.97992,0.08787
601,0.27521,0.61962,0.97408,0.08879
602,0.26785,0.60343,0.96759,0.08966
603,0.2612,0.5879,0.96098,0.0906
604,0.25462,0.57342,0.95389,0.09157
605,0.24796,0.55857,0.94547,0.09259
606,0.24223,0.54511,0.93674,0.09361
607,0.23607,0.53153,0.92724,0.09481
608,0.23021,0.51901,0.91768,0.09592
609,0.22469,0.50631,0.90772,0.09709
610,0.21926,0.49433,0.89708,0.09833
611,0.21398,0.48279,0.88688,0.09958
612,0.20902,0.47151,0.87573,0.10093
613,0.20396,0.46056,0.86414,0.1023
614,0.19948,0.45043,0.85229,0.10382
615,0.1946,0.43982,0.83998,0.10527
616,0.19059,0.43001,0.82795,0.10682
617,0.18603,0.42021,0.81541,0.1085
618,0.18235,0.41137,0.8032,0.11021
619,0.17849,0.40275,0.79071,0.11189
620,0.1742,0.3937,0.77854,0.11371
621,0.17031,0.38517,0.76668,0.11559
622,0.16682,0.37681,0.75364,0.11755
623,0.16257,0.36829,0.7405,0.11959
624,0.15933,0.35997,0.72751,0.12174
625,0.15555,0.35256,0.71461,0.12391
626,0.15283,0.34504,0.70125,0.12613
627,0.14943,0.33751,0.68845,0.1285
628,0.14675,0.33051,0.67578,0.13101
629,0.1436,0.3233,0.66318,0.13358
630,0.14046,0.31645,0.65076,0.1362
631,0.13754,0.30998,0.63881,0.13908
632,0.13495,0.30346,0.62669,0.14196
633,0.13197,0.29704,0.61475,0.145
634,0.12956,0.29072,0.6028,0.14825
635,0.12656,0.28478,0.59119,0.15154
636,0.12445,0.27891,0.57961,0.15504
637,0.12187,0.27346,0.56863,0.15866
638,0.11944,0.26794,0.55734,0.1624
639,0.11729,0.26254,0.54623,0.16636
640,0.1152,0.25748,0.53623,0.17055
641,0.11304,0.25265,0.52614,0.17485
642,0.11069,0.24755,0.51529,0.17944
643,0.10859,0.2428,0.50504,0.18414
644,0.10658,0.23816,0.49559,0.18913
645,0.10539,0.23415,0.48585,0.19427
646,0.10299,0.22967,0.47696,0.19986
647,0.10121,0.22514,0.46778,0.20552
648,0.09961,0.22108,0.45869,0.21147
649,0.09758,0.21688,0.4496,0.21777
650,0.09588,0.21316,0.44096,0.22441
651,0.09438,0.2097,0.43275,0.23111
652,0.09312,0.20627,0.42527,0.23844
653,0.09144,0.20264,0.41796,0.24595
654,0.08935,0.19884,0.41062,0.25388
655,0.08766,0.19474,0.40032,0.26223
656,0.08462,0.18934,0.39227,0.27084
657,0.08257,0.18832,0.39264,0.27994
658,0.08333,0.1853,0.38074,0.28944
659,0.08258,0.18219,0.37371,0.29939
660,0.08128,0.17951,0.36661,0.30977
661,0.07993,0.17649,0.36017,0.32058
662,0.07859,0.17382,0.3538,0.33174
663,0.07731,0.17091,0.34754,0.34344
664,0.07648,0.16847,0.34118,0.35549
665,0.07514,0.1658,0.33534,0.36813
666,0.07384,0.16326,0.32929,0.38114
667,0.07283,0.1607,0.32354,0.39469
668,0.07163,0.15837,0.31814,0.40883
669,0.07042,0.15591,0.31267,0.42316
670,0.0695,0.15345,0.30733,0.43815
671,0.06833,0.15128,0.30204,0.45351
672,0.06772,0.14914,0.29722,0.46925
673,0.06634,0.14698,0.29249,0.48543
674,0.06562,0.14487,0.28777,0.50206
675,0.06474,0.14269,0.28284,0.51909
676,0.06384,0.1408,0.27822,0.53645
677,0.06276,0.13879,0.27395,0.55407
678,0.06217,0.137,0.26958,0.57182
679,0.06101,0.13494,0.26523,0.59001
680,0.06026,0.13318,0.26119,0.60827
681,0.05946,0.13126,0.25719,0.62684
682,0.05902,0.1296,0.25335,0.64535
683,0.05825,0.12788,0.24946,0.66398
684,0.05755,0.12624,0.24554,0.68249
685,0.0569,0.12467,0.24202,0.70097
686,0.05638,0.12318,0.23853,0.71909
687,0.05537,0.12144,0.23504,0.73769
688,0.05477,0.12,0.23167,0.7559
689,0.05408,0.1185,0.22863,0.77384
690,0.05362,0.11706,0.22524,0.79125
691,0.05322,0.11557,0.22206,0.80845
692,0.05244,0.11432,0.21907,0.82514
693,0.0518,0.11289,0.21608,0.84162
694,0.05113,0.11141,0.21305,0.85753
695,0.05051,0.11005,0.21028,0.87275
696,0.05016,0.10881,0.20751,0.8872
697,0.04958,0.10746,0.2047,0.90083
698,0.049,0.10632,0.20201,0.91384
699,0.04852,0.1051,0.19949,0.92667
700,0.04777,0.10374,0.19695,0.93775
701,0.04745,0.10259,0.19441,0.94833
702,0.04705,0.10153,0.19209,0.95829
703,0.04653,0.10036,0.18965,0.96694
704,0.0459,0.0991,0.1872,0.97518
705,0.04569,0.09812,0.18511,0.98182
706,0.04499,0.09708,0.18272,0.98719
707,0.04463,0.09595,0.18048,0.99244
708,0.04388,0.09503,0.17855,0.99528
709,0.04342,0.09403,0.17645,0.99845
710,0.04294,0.09293,0.17437,1
711,0.04268,0.09208,0.17234,0.9998
712,0.04219,0.09101,0.17028,0.99955
713,0.04178,0.09014,0.16841,0.99816
714,0.04154,0.08912,0.16656,0.99471
715,0.04085,0.08829,0.1649,0.99112
716,0.04066,0.08736,0.16302,0.98548
717,0.03992,0.08643,0.16115,0.97979
718,0.03973,0.08555,0.15934,0.97225
719,0.03941,0.08467,0.15775,0.96486
720,0.03905,0.08393,0.15603,0.95529
721,0.03839,0.08309,0.15445,0.94523
722,0.03812,0.08229,0.15291,0.9345
723,0.03774,0.08154,0.15126,0.92282
724,0.03741,0.08072,0.14969,0.91097
725,0.03722,0.0799,0.14813,0.89809
726,0.0369,0.07907,0.1466,0.88375
727,0.03662,0.07846,0.14521,0.8697
728,0.03651,0.07775,0.14383,0.85421
729,0.03597,0.0771,0.1423,0.83919
730,0.03581,0.07643,0.14088,0.82241
731,0.03546,0.0758,0.13955,0.80652
732,0.03493,0.07501,0.1382,0.78989
733,0.03474,0.07427,0.13684,0.773
734,0.03427,0.0736,0.13551,0.75564
735,0.03428,0.07304,0.13425,0.73832
736,0.03407,0.07232,0.13294,0.72067
737,0.03367,0.07162,0.13169,0.70326
738,0.03338,0.07104,0.13062,0.68602
739,0.03318,0.07042,0.12918,0.66803
740,0.03288,0.0697,0.12812,0.65041
741,0.03248,0.06911,0.12693,0.63313
742,0.03222,0.06853,0.12579,0.61571
743,0.0318,0.06786,0.12474,0.5984
744,0.03171,0.06739,0.12365,0.58172
745,0.0315,0.06679,0.12242,0.56512
746,0.03136,0.06643,0.12154,0.54867
747,0.03117,0.06579,0.12035,0.53228
748,0.03074,0.06522,0.11943,0.51666
749,0.03052,0.06447,0.11837,0.50099
750,0.0302,0.06405,0.11721,0.48579
751,0.02993,0.06344,0.11628,0.47069
752,0.02968,0.06284,0.11536,0.45639
753,0.0294,0.06249,0.11434,0.4423
754,0.02883,0.06187,0.11334,0.42839
755,0.02889,0.06146,0.11251,0.41462
756,0.02856,0.06091,0.11158,0.40167
757,0.02798,0.06032,0.1107,0.3889
758,0.02787,0.05992,0.10986,0.37675
759,0.02781,0.05939,0.10896,0.35077
760,0.0275,0.0589,0.10799,0.34057
761,0.0272,0.05841,0.10703,0.33063
762,0.02687,0.05803,0.10638,0.32113
763,0.02644,0.05729,0.10552,0.31169
764,0.02625,0.05694,0.10468,0.30276
765,0.02586,0.05657,0.10389,0.29342
766,0.02569,0.05619,0.10311,0.28509
767,0.02566,0.05586,0.1024,0.27664
768,0.02543,0.05529,0.10146,0.26853
769,0.0247,0.05481,0.10071,0.26075
770,0.02479,0.05441,0.10002,0.25304
771,0.02443,0.0539,0.09924,0.24592
772,0.0243,0.0536,0.09864,0.23834
773,0.02399,0.05322,0.09786,0.23169
774,0.02356,0.05282,0.09717,0.22505
775,0.02353,0.05243,0.09658,0.2186
776,0.02319,0.0521,0.09585,0.21258
777,0.02298,0.05166,0.09529,0.20654
778,0.02281,0.05129,0.09452,0.20092
779,0.02234,0.05092,0.09371,0.19511
780,0.02233,0.05061,0.09324,0.18986
781,0.02189,0.05009,0.09257,0.18465
782,0.02181,0.04983,0.0919,0.17958
783,0.02162,0.04944,0.0912,0.17486
784,0.02151,0.04921,0.09074,0.17018
785,0.02119,0.04879,0.09003,0.16584
786,0.02084,0.04845,0.08944,0.16133
787,0.02048,0.04807,0.08881,0.15732
788,0.02024,0.04772,0.08823,0.15323
789,0.02032,0.04753,0.08759,0.14927
790,0.0202,0.04718,0.08705,0.14567
791,0.01993,0.04688,0.08659,0.14197
792,0.01974,0.04658,0.08596,0.13859
793,0.01979,0.04634,0.08555,0.13521
794,0.01928,0.04588,0.0848,0.13198
795,0.01911,0.04561,0.08439,0.12901
796,0.01894,0.0454,0.08395,0.12593
797,0.01872,0.04523,0.08343,0.12315
798,0.01864,0.04491,0.08288,0.12029
799,0.01849,0.04455,0.08238,0.11769
800,0.01826,0.04433,0.08191,0.11495
801,0.01813,0.04403,0.08143,0.11253
802,0.01833,0.04397,0.0809,0.11022
803,0.01781,0.04344,0.08049,0.10776
804,0.01744,0.04311,0.08001,0.1057
805,0.01749,0.0429,0.07946,0.1034
806,0.01748,0.0426,0.07901,0.1014
807,0.01718,0.04246,0.07853,0.09929
808,0.01678,0.04221,0.07809,0.09739
809,0.01683,0.04197,0.07768,0.09556
810,0.01655,0.04177,0.07716,0.09369
811,0.01647,0.04151,0.07668,0.09195
812,0.01645,0.04132,0.07611,0.0902
813,0.01624,0.04099,0.07577,0.08859
814,0.01604,0.04064,0.07543,0.08694
815,0.01566,0.04037,0.07495,0.08548
816,0.01539,0.04023,0.07453,0.08397
817,0.01524,0.03999,0.07405,0.08244
818,0.01536,0.03979,0.07387,0.08104
819,0.01509,0.03958,0.07326,0.07969
820,0.01508,0.0392,0.07284,0.07839
821,0.01484,0.03915,0.0724,0.077
822,0.01455,0.03869,0.07224,0.07577
823,0.01466,0.03855,0.07179,0.07461
824,0.01448,0.0383,0.07135,0.07334
825,0.014,0.03792,0.07093,0.07229
826,0.01419,0.03772,0.0705,0.07108
827,0.01384,0.03759,0.07015,0.06996
828,0.01353,0.03716,0.06971,0.06889
829,0.01375,0.03717,0.06924,0.06789
830,0.0135,0.03694,0.06889,0.06694
831,0.01344,0.03676,0.06859,0.06584
832,0.0132,0.03652,0.0684,0.06492
833,0.01287,0.0361,0.06787,0.06405
834,0.01305,0.03595,0.06744,0.06315
835,0.01272,0.0356,0.06716,0.06223
836,0.01252,0.03545,0.06695,0.0614
837,0.01266,0.03523,0.06657,0.06054
838,0.01201,0.03505,0.06609,0.05975
839,0.01215,0.03479,0.0658,0.05897
840,0.01212,0.03456,0.06558,0.05816
841,0.01206,0.03441,0.06523,0.05747
842,0.01204,0.03401,0.06498,0.0567
843,0.01193,0.03397,0.06462,0.05601
844,0.01181,0.03374,0.06431,0.0554
845,0.01141,0.03337,0.06391,0.05465
846,0.01143,0.03322,0.06367,0.05399
847,0.01108,0.03298,0.06335,0.05331
848,0.01077,0.03279,0.063,0.05263
849,0.01086,0.03259,0.06274,0.05203
850,0.0107,0.03253,0.06256,0.05142
851,0.01061,0.03216,0.06212,0.05089
852,0.01073,0.03189,0.06184,0.05026
853,0.0103,0.0318,0.06143,0.04969
854,0.01052,0.0316,0.06121,0.0491
855,0.01017,0.03118,0.06111,0.04862
856,0.0101,0.03114,0.06078,0.04803
857,0.0097,0.03075,0.06054,0.0475
858,0.00987,0.03063,0.0602,0.04704
859,0.0097,0.03037,0.0599,0.04653
860,0.00943,0.03017,0.0596,0.04603
861,0.00955,0.03011,0.05932,0.04561
862,0.0095,0.02989,0.05913,0.04513
863,0.00933,0.02967,0.05901,0.04461
864,0.00919,0.0294,0.05844,0.04419
865,0.00943,0.02931,0.05838,0.04375
866,0.00913,0.02903,0.05817,0.04329
867,0.0088,0.0289,0.05787,0.04292
868,0.00854,0.02872,0.05764,0.04245
869,0.00862,0.02846,0.05744,0.04203
870,0.00862,0.02835,0.05721,0.04157
871,0.00859,0.02817,0.05694,0.04123
872,0.00827,0.02797,0.0567,0.04087
873,0.00838,0.02775,0.05659,0.04045
874,0.00806,0.02759,0.05631,0.0401
875,0.00809,0.02745,0.05615,0.03971
876,0.00807,0.02716,0.05576,0.03934
877,0.0078,0.0269,0.05547,0.03898
878,0.00758,0.02687,0.05515,0.03865
879,0.00746,0.02668,0.05498,0.03829
880,0.0078,0.02678,0.0548,0.03792
881,0.0074,0.0263,0.05465,0.0376
882,0.00739,0.02627,0.05441,0.0372
883,0.00748,0.02619,0.0542,0.03691
884,0.00753,0.02612,0.05398,0.03654
885,0.00718,0.02566,0.05385,0.03626
886,0.00723,0.02549,0.05347,0.03586
887,0.00726,0.02549,0.05323,0.03559
888,0.00671,0.02505,0.05308,0.03529
889,0.00671,0.02508,0.05291,0.03498
890,0.00666,0.02493,0.05272,0.03467
891,0.00654,0.02465,0.0525,0.03433
892,0.00637,0.02453,0.05226,0.03405
893,0.00647,0.02448,0.0521,0.03381
894,0.00644,0.02434,0.05197,0.0335
895,0.00646,0.02414,0.05175,0.03319
896,0.00653,0.02411,0.05148,0.03292
897,0.006,0.02355,0.05131,0.03261
898,0.00611,0.0236,0.05103,0.03237
899,0.00557,0.02349,0.05091,0.03205
900,0.00574,0.0234,0.05073,0.03185
901,0.00577,0.02326,0.05051,0.03155
902,0.00563,0.02317,0.05045,0.03139
903,0.00555,0.0228,0.05022,0.03117
904,0.00556,0.0228,0.05007,0.03095
905,0.0052,0.0225,0.0498,0.03078
906,0.00556,0.02221,0.04987,0.03058
907,0.00548,0.02234,0.04947,0.0304
908,0.00543,0.02217,0.04939,0.03021
909,0.00551,0.02204,0.04919,0.02997
910,0.00496,0.02175,0.04915,0.02982
911,0.00515,0.0218,0.049,0.02962
912,0.0054,0.02178,0.04873,0.02945
913,0.00475,0.02153,0.0485,0.02924
914,0.00497,0.02149,0.04835,0.02908
915,0.00486,0.02133,0.04815,0.02885
916,0.00469,0.02117,0.04816,0.02871
917,0.00432,0.02083,0.04791,0.02854
918,0.00445,0.0209,0.04774,0.02834
919,0.00485,0.02065,0.04765,0.02819
920,0.00436,0.02055,0.04758,0.02799
921,0.00406,0.02041,0.04733,0.02789
922,0.00407,0.02041,0.0472,0.02773
923,0.00415,0.02029,0.04705,0.02757
924,0.00427,0.02008,0.04695,0.0274
925,0.00461,0.01998,0.04681,0.02727
926,0.00428,0.01979,0.04652,0.02712
927,0.00359,0.01945,0.04635,0.02694
928,0.00409,0.01959,0.04628,0.02681
929,0.00402,0.0194,0.04616,0.02665
930,0.00365,0.01927,0.04624,0.02653
931,0.00355,0.01927,0.04577,0.02638
932,0.00369,0.019,0.04576,0.02622
933,0.00351,0.01885,0.04555,0.02613
934,0.00331,0.01891,0.0454,0.02595
935,0.00455,0.01896,0.04513,0.02584
936,0.00348,0.01847,0.04489,0.02569
937,0.00355,0.01831,0.04468,0.02558
938,0.00352,0.01836,0.04453,0.02538
939,0.0034,0.01809,0.04445,0.02536
940,0.00334,0.01826,0.0441,0.02509
941,0.00325,0.01813,0.04428,0.02512
942,0.00285,0.01781,0.04384,0.02479
943,0.00245,0.01759,0.04375,0.02483
944,0.00304,0.01766,0.04333,0.02459
945,0.00272,0.01759,0.04357,0.02468
946,0.00293,0.01733,0.04284,0.02439
947,0.00294,0.01744,0.04285,0.02441
948,0.0031,0.01734,0.04282,0.02414
949,0.00339,0.01716,0.04241,0.0242
950,0.00274,0.0171,0.04236,0.02393
951,0.00192,0.01662,0.0421,0.02394
952,0.00258,0.01681,0.04185,0.02374
953,0.00231,0.01687,0.04152,0.02365
954,0.00225,0.01666,0.04174,0.02352
955,0.0022,0.01658,0.04145,0.02346
956,0.00197,0.01616,0.0413,0.02334
957,0.0027,0.0164,0.04121,0.02322
958,0.00181,0.0158,0.04103,0.02314
959,0.00189,0.01596,0.04061,0.02298
960,0.00168,0.016,0.0405,0.02295
961,0.00156,0.01572,0.04051,0.02284
962,0.00132,0.01588,0.04053,0.02272
963,0.00182,0.016,0.04022,0.0226
964,0.00135,0.01556,0.04018,0.02251
965,0.00187,0.01586,0.03993,0.02245
966,0.00139,0.01544,0.03982,0.02234
967,0.00163,0.01532,0.03979,0.02229
968,0.00177,0.01532,0.03966,0.02215
969,0.00208,0.01519,0.03971,0.02215
970,0.00189,0.01512,0.03905,0.02202
971,0.00183,0.01514,0.03937,0.02191
972,0.00119,0.01484,0.03914,0.02185
973,0.00166,0.01502,0.03911,0.02177
974,0.00152,0.01451,0.03884,0.02167
975,0.00186,0.01494,0.03896,0.02156
976,0.0014,0.0147,0.03856,0.02146
977,0.00175,0.01462,0.03859,0.02141
978,0.00205,0.01443,0.03773,0.0213
979,0.00167,0.01412,0.03822,0.02131
980,0.00123,0.01435,0.03817,0.02112
981,0.00107,0.01388,0.03792,0.02108
982,0.0014,0.01424,0.0379,0.02096
983,5.33E-04,0.01433,0.03816,0.02093
984,0.00131,0.01414,0.03792,0.02081
985,8.67E-04,0.01362,0.03788,0.02078
986,0.00158,0.01363,0.03761,0.02068
987,6.41E-04,0.01342,0.03742,0.02064
988,0.00164,0.0134,0.03786,0.02056
989,8.61E-04,0.01314,0.03731,0.02052
990,6.72E-04,0.01299,0.03718,0.0204
991,8.67E-04,0.01287,0.03683,0.02038
992,0.00149,0.01279,0.037,0.02026
993,4.02E-04,0.01298,0.03722,0.02022
994,5.94E-04,0.01338,0.03683,0.02016
995,1.38E-04,0.0129,0.03717,0.02009
996,3.71E-04,0.01303,0.03745,0.02001
997,6.43E-04,0.01294,0.03665,0.01998
998,0.00121,0.01263,0.03667,0.01985
999,0.00121,0.01233,0.03713,0.01982
1000,-1.13E-04,0.01253,0.03689,0.01975
1001,3.95E-04,0.01263,0.03656,0.01969
1002,-1.82E-06,0.01205,0.03671,0.01963
1003,7.96E-04,0.01238,0.03643,0.01953
1004,6.85E-04,0.01231,0.03626,0.01948
1005,0.0012,0.01197,0.03633,0.01945
1006,8.05E-04,0.01165,0.03638,0.01936
1007,0.00176,0.01208,0.03603,0.01933
1008,0.00103,0.01154,0.0362,0.01925
1009,4.86E-04,0.01158,0.0363,0.01919
1010,-2.18E-05,0.01167,0.03615,0.01915
1011,0.00156,0.01205,0.03712,0.01913
1012,5.63E-04,0.01246,0.03585,0.01902
1013,2.71E-04,0.01242,0.03575,0.01899
1014,-3.11E-04,0.01128,0.03513,0.01891
1015,9.94E-04,0.01169,0.03623,0.01883
1016,2.46E-04,0.01174,0.03598,0.01879
1017,-4.41E-04,0.01075,0.03536,0.01876
1018,0.00116,0.01086,0.03457,0.01871
1019,0.00164,0.01089,0.03557,0.01867
1020,0.00115,0.01126,0.03516,0.01855
1021,2.86E-04,0.01082,0.03547,0.01855
1022,8.12E-04,0.01198,0.03541,0.01852
1023,-0.00192,0.01054,0.03642,0.01841
1024,4.22E-04,0.0125,0.03548,0.0184
1025,-3.93E-04,0.0108,0.03581,0.01835
1026,2.22E-04,0.01089,0.0352,0.01832
1027,-5.39E-04,0.01019,0.03515,0.01821
1028,-5.32E-04,0.01086,0.0361,0.01814
1029,0.00123,0.01098,0.03624,0.01807
1030,0.00175,0.01142,0.03636,0.01809
1031,-9.18E-04,0.01173,0.03528,0.01801
1032,4.37E-05,0.01195,0.03512,0.01795
1033,-0.00111,0.01136,0.03511,0.01789
1034,-0.00112,0.01101,0.03527,0.01786
1035,7.06E-04,0.01104,0.0355,0.01783
1036,8.30E-04,0.01031,0.03545,0.01779
1037,-0.00134,0.00929,0.03516,0.01772
1038,0.00331,0.00991,0.03525,0.01767
1039,3.24E-04,0.01028,0.03484,0.01762
1040,5.52E-04,0.0098,0.03506,0.01761
1041,0,0.01002,0.0375,0.01759
1042,5.44E-04,0.01096,0.03451,0.01755
1043,-0.00183,0.00923,0.03493,0.01748
1044,-0.00348,0.00968,0.03573,0.01743
1045,-0.00194,0.01034,0.0357,0.01735
1046,-7.57E-04,0.008,0.03385,0.01729
1047,2.99E-04,0.00879,0.03461,0.01724
1048,0.00127,0.01079,0.03475,0.01722
1049,0.00263,0.01079,0.03712,0.01715
1050,8.07E-04,0.0103,0.03466,0.01706
1051,-0.00168,0.00792,0.03579,0.01699
1052,-0.00152,0.01013,0.0338,0.01691
1053,3.99E-04,0.00989,0.03504,0.01684
1054,-9.58E-04,0.01069,0.03572,0.01675
1055,0.00407,0.01079,0.03607,0.01664
1056,0.00318,0.01094,0.03655,0.01656
1057,0.00228,0.00989,0.03484,0.01638
1058,-4.37E-05,0.00697,0.03841,0.01632
1059,8.99E-04,0.00964,0.03546,0.0161
1060,3.64E-05,0.01014,0.03364,0.01608
1061,0.00218,0.01075,0.0372,0.01589
1062,-0.00265,0.01053,0.03653,0.01576
1063,0.0011,0.01299,0.03424,0.01579
1064,0.00308,0.01312,0.03469,0.01567
1065,0.00299,0.0122,0.03482,0.01567
1066,0.00613,0.01196,0.03566,0.01551
1067,-1.57E-04,0.00946,0.03623,0.01566
1068,7.87E-04,0.00969,0.03799,0.01557
1069,0.00332,0.01394,0.03589,0.01568
1070,0.00364,0.01097,0.03761,0.01582
1071,-0.00155,0.01158,0.03579,0.01577
1072,0.00243,0.01259,0.04166,0.0158
1073,2.88E-04,0.01205,0.03907,0.01575
1074,0.00164,0.01479,0.04002,0.01579
1075,0.00349,0.01362,0.03699,0.01582
1076,0.00297,0.01216,0.03839,0.0159
1077,0.01614,0.01462,0.0401,0.01583
1078,-0.00145,0.01026,0.03757,0.01588
1079,0.00418,0.01532,0.04056,0.01579
1080,0.00226,0.01878,0.03646,0.01576
1081,0.00509,0.02068,0.04102,0.0157
1082,0.00877,0.01928,0.04217,0.01575
1083,0.01537,0.02483,0.03861,0.01573
1084,0.01548,0.02404,0.03852,0.01564
1085,0.01622,0.02188,0.04387,0.01567
1086,0.01009,0.02142,0.03982,0.0157
1087,0.0165,0.02337,0.04369,0.01569
1088,0.01888,0.02072,0.04432,0.0156
1089,0.01618,0.02326,0.04372,0.01559
1090,0.0193,0.02651,0.03898,0.01558
1091,0.00759,0.02387,0.04426,0.01547
1092,0.0153,0.02709,0.04508,0.0155
1093,0.01948,0.03396,0.05166,0.01554
1094,0.03395,0.03889,0.05008,0.01564
1095,0.03027,0.0353,0.04962,0.01553
1096,0.0187,0.03147,0.05207,0.0155
1097,0.03369,0.0353,0.05955,0.01547
1098,0.04298,0.03952,0.05377,0.01545
1099,0.03361,0.04373,0.05683,0.01547
1100,0.04561,0.04392,0.06023,0.01545